[
    {
        "title": "Harry potter",
        "author": "Md sami alam",
        "isbn": 2949,
        "year": 2019,
        "price": "122.89",
        "quantity": 10,
        "bookAddedAt": "13-12-2024 14:30:34",
        "bookLastUpdatedAt": ""
    },
    {
        "title": "king kong",
        "author": "Md hasan ",
        "isbn": 4625,
        "year": 2020,
        "price": "300.00",
        "quantity": 49,
        "bookAddedAt": "13-12-2024 14:31:04",
        "bookLastUpdatedAt": "13-12-2024 14:35:11"
    },
    {
        "title": "game box",
        "author": "Md mizanur",
        "isbn": 5362,
        "year": 2020,
        "price": "429.99",
        "quantity": 5,
        "bookAddedAt": "13-12-2024 14:31:41",
        "bookLastUpdatedAt": ""
    }
]